0, 0, (0.000, 0.000, 0.000)
29.28757, 3681, (-0.798, 0.000, -0.047)
29.30012, 3682, (-0.798, 0.000, -0.047)
29.30573, 3683, (-0.798, 0.000, -0.047)
29.31289, 3684, (-0.798, 0.000, -0.047)
29.31966, 3685, (-0.798, 0.000, -0.047)
29.3254, 3686, (-0.798, 0.000, -0.047)
29.33111, 3687, (-0.798, 0.000, -0.047)
29.3398, 3688, (-0.800, 0.000, -0.038)
29.3525, 3689, (-0.800, 0.000, -0.038)
29.35842, 3690, (-0.800, 0.000, -0.038)
29.36555, 3691, (-0.800, 0.000, -0.038)
29.37292, 3692, (-0.800, 0.000, -0.038)
29.37943, 3693, (-0.800, 0.000, -0.038)
29.38712, 3694, (-0.800, 0.000, -0.038)
29.39425, 3695, (-0.800, 0.000, -0.038)
29.40141, 3696, (-0.800, 0.000, -0.038)
29.40737, 3697, (-0.800, 0.000, -0.038)
29.41491, 3698, (-0.800, 0.000, -0.038)
29.42166, 3699, (-0.800, 0.000, -0.038)
29.43053, 3700, (-0.802, 0.000, -0.031)
29.44114, 3701, (-0.802, 0.000, -0.031)
29.44755, 3702, (-0.802, 0.000, -0.031)
29.45469, 3703, (-0.802, 0.000, -0.031)
29.46163, 3704, (-0.802, 0.000, -0.031)
29.47157, 3705, (-0.803, 0.000, -0.022)
29.48415, 3706, (-0.803, 0.000, -0.022)
29.49143, 3707, (-0.803, 0.000, -0.022)
29.49896, 3708, (-0.803, 0.000, -0.022)
29.50601, 3709, (-0.803, 0.000, -0.022)
29.51316, 3710, (-0.803, 0.000, -0.022)
29.52055, 3711, (-0.803, 0.000, -0.022)
29.52737, 3712, (-0.803, 0.000, -0.022)
29.53522, 3713, (-0.803, 0.000, -0.022)
29.54185, 3714, (-0.803, 0.000, -0.022)
29.54925, 3715, (-0.803, 0.000, -0.022)
29.55595, 3716, (-0.803, 0.000, -0.022)
29.56137, 3717, (-0.803, 0.000, -0.022)
29.56703, 3718, (-0.803, 0.000, -0.022)
29.57288, 3719, (-0.803, 0.000, -0.022)
29.57871, 3720, (-0.803, 0.000, -0.022)
29.58478, 3721, (-0.803, 0.000, -0.022)
29.59124, 3722, (-0.803, 0.000, -0.022)
29.59766, 3723, (-0.803, 0.000, -0.022)
29.60559, 3724, (-0.803, 0.000, -0.022)
29.61293, 3725, (-0.803, 0.000, -0.022)
29.6327, 3726, (-0.805, 0.000, -0.016)
29.64555, 3727, (-0.805, 0.000, -0.016)
29.65288, 3728, (-0.805, 0.000, -0.016)
29.65963, 3729, (-0.805, 0.000, -0.016)
29.66687, 3730, (-0.805, 0.000, -0.016)
29.67368, 3731, (-0.805, 0.000, -0.016)
29.68096, 3732, (-0.805, 0.000, -0.016)
29.68843, 3733, (-0.805, 0.000, -0.016)
29.69448, 3734, (-0.805, 0.000, -0.016)
29.70066, 3735, (-0.805, 0.000, -0.016)
29.70638, 3736, (-0.805, 0.000, -0.016)
29.71244, 3737, (-0.805, 0.000, -0.016)
29.71931, 3738, (-0.805, 0.000, -0.016)
29.72614, 3739, (-0.805, 0.000, -0.016)
29.73302, 3740, (-0.805, 0.000, -0.016)
29.74018, 3741, (-0.805, 0.000, -0.016)
29.74949, 3742, (-0.805, 0.000, -0.016)
29.75776, 3743, (-0.805, 0.000, -0.016)
29.76492, 3744, (-0.805, 0.000, -0.016)
29.77209, 3745, (-0.805, 0.000, -0.016)
29.77907, 3746, (-0.805, 0.000, -0.016)
29.78586, 3747, (-0.805, 0.000, -0.016)
29.79266, 3748, (-0.805, 0.000, -0.016)
29.7992, 3749, (-0.805, 0.000, -0.016)
29.80621, 3750, (-0.805, 0.000, -0.016)
29.81272, 3751, (-0.805, 0.000, -0.016)
29.82032, 3752, (-0.805, 0.000, -0.016)
29.82789, 3753, (-0.805, 0.000, -0.016)
29.83473, 3754, (-0.805, 0.000, -0.016)
29.84219, 3755, (-0.805, 0.000, -0.016)
29.84982, 3756, (-0.805, 0.000, -0.016)
29.85666, 3757, (-0.805, 0.000, -0.016)
29.86317, 3758, (-0.805, 0.000, -0.016)
29.86965, 3759, (-0.805, 0.000, -0.016)
29.87611, 3760, (-0.805, 0.000, -0.016)
29.88194, 3761, (-0.805, 0.000, -0.016)
29.88776, 3762, (-0.805, 0.000, -0.016)
29.89335, 3763, (-0.805, 0.000, -0.016)
29.89918, 3764, (-0.805, 0.000, -0.016)
29.9048, 3765, (-0.805, 0.000, -0.016)
29.91039, 3766, (-0.805, 0.000, -0.016)
29.91611, 3767, (-0.805, 0.000, -0.016)
29.92209, 3768, (-0.805, 0.000, -0.016)
29.92875, 3769, (-0.805, 0.000, -0.016)
29.93521, 3770, (-0.805, 0.000, -0.016)
29.9404, 3771, (-0.805, 0.000, -0.016)
29.94615, 3772, (-0.805, 0.000, -0.016)
29.95201, 3773, (-0.805, 0.000, -0.016)
29.95764, 3774, (-0.805, 0.000, -0.016)
29.96433, 3775, (-0.805, 0.000, -0.016)
29.97066, 3776, (-0.805, 0.000, -0.016)
29.97604, 3777, (-0.805, 0.000, -0.016)
29.98221, 3778, (-0.805, 0.000, -0.016)
29.98871, 3779, (-0.805, 0.000, -0.016)
29.99583, 3780, (-0.805, 0.000, -0.016)
30.00244, 3781, (-0.805, 0.000, -0.016)
30.00845, 3782, (-0.805, 0.000, -0.016)
30.01494, 3783, (-0.805, 0.000, -0.016)
30.02053, 3784, (-0.805, 0.000, -0.016)
30.02647, 3785, (-0.805, 0.000, -0.016)
30.03247, 3786, (-0.805, 0.000, -0.016)
30.03875, 3787, (-0.805, 0.000, -0.016)
30.04408, 3788, (-0.805, 0.000, -0.016)
30.05057, 3789, (-0.805, 0.000, -0.016)
30.05601, 3790, (-0.805, 0.000, -0.016)
30.06244, 3791, (-0.805, 0.000, -0.016)
30.0694, 3792, (-0.805, 0.000, -0.016)
30.07674, 3793, (-0.805, 0.000, -0.016)
30.08315, 3794, (-0.805, 0.000, -0.016)
30.08975, 3795, (-0.805, 0.000, -0.016)
30.09569, 3796, (-0.805, 0.000, -0.016)
30.10223, 3797, (-0.805, 0.000, -0.016)
30.10831, 3798, (-0.805, 0.000, -0.016)
30.11405, 3799, (-0.805, 0.000, -0.016)
30.12137, 3800, (-0.805, 0.000, -0.016)
30.12843, 3801, (-0.805, 0.000, -0.016)
30.13564, 3802, (-0.805, 0.000, -0.016)
30.14219, 3803, (-0.805, 0.000, -0.016)
30.14816, 3804, (-0.805, 0.000, -0.016)
30.15414, 3805, (-0.805, 0.000, -0.016)
30.16099, 3806, (-0.805, 0.000, -0.016)
30.16828, 3807, (-0.805, 0.000, -0.016)
30.176, 3808, (-0.805, 0.000, -0.016)
30.18305, 3809, (-0.805, 0.000, -0.016)
30.19021, 3810, (-0.805, 0.000, -0.016)
30.19705, 3811, (-0.805, 0.000, -0.016)
30.20468, 3812, (-0.805, 0.000, -0.016)
30.21241, 3813, (-0.805, 0.000, -0.016)
30.2183, 3814, (-0.805, 0.000, -0.016)
30.22526, 3815, (-0.805, 0.000, -0.016)
30.23206, 3816, (-0.805, 0.000, -0.016)
30.23834, 3817, (-0.805, 0.000, -0.016)
30.24467, 3818, (-0.805, 0.000, -0.016)
30.25147, 3819, (-0.805, 0.000, -0.016)
30.25968, 3820, (-0.805, 0.000, -0.016)
30.26748, 3821, (-0.805, 0.000, -0.016)
30.27522, 3822, (-0.805, 0.000, -0.016)
30.28222, 3823, (-0.805, 0.000, -0.016)
30.28862, 3824, (-0.805, 0.000, -0.016)
30.29601, 3825, (-0.805, 0.000, -0.016)
30.30284, 3826, (-0.805, 0.000, -0.016)
30.30935, 3827, (-0.805, 0.000, -0.016)
30.31654, 3828, (-0.805, 0.000, -0.016)
30.32328, 3829, (-0.805, 0.000, -0.016)
30.33021, 3830, (-0.805, 0.000, -0.016)
30.33649, 3831, (-0.805, 0.000, -0.016)
30.34197, 3832, (-0.805, 0.000, -0.016)
30.34817, 3833, (-0.805, 0.000, -0.016)
30.35373, 3834, (-0.805, 0.000, -0.016)
30.35925, 3835, (-0.805, 0.000, -0.016)
30.36548, 3836, (-0.805, 0.000, -0.016)
30.37107, 3837, (-0.805, 0.000, -0.016)
30.37694, 3838, (-0.805, 0.000, -0.016)
30.38342, 3839, (-0.805, 0.000, -0.016)
30.38952, 3840, (-0.805, 0.000, -0.016)
30.3955, 3841, (-0.805, 0.000, -0.016)
30.40158, 3842, (-0.805, 0.000, -0.016)
30.40781, 3843, (-0.805, 0.000, -0.016)
30.41421, 3844, (-0.805, 0.000, -0.016)
30.42077, 3845, (-0.805, 0.000, -0.016)
30.42789, 3846, (-0.805, 0.000, -0.016)
30.43532, 3847, (-0.805, 0.000, -0.016)
30.4422, 3848, (-0.805, 0.000, -0.016)
30.44937, 3849, (-0.805, 0.000, -0.016)
30.45665, 3850, (-0.805, 0.000, -0.016)
30.46365, 3851, (-0.805, 0.000, -0.016)
30.4702, 3852, (-0.805, 0.000, -0.016)
30.4767, 3853, (-0.805, 0.000, -0.016)
30.48332, 3854, (-0.805, 0.000, -0.016)
30.48995, 3855, (-0.805, 0.000, -0.016)
30.49664, 3856, (-0.805, 0.000, -0.016)
30.50292, 3857, (-0.805, 0.000, -0.016)
30.50924, 3858, (-0.805, 0.000, -0.016)
30.51736, 3859, (-0.805, 0.000, -0.016)
30.52346, 3860, (-0.805, 0.000, -0.016)
30.52954, 3861, (-0.805, 0.000, -0.016)
30.53712, 3862, (-0.805, 0.000, -0.016)
30.54414, 3863, (-0.805, 0.000, -0.016)
30.55096, 3864, (-0.805, 0.000, -0.016)
30.55798, 3865, (-0.805, 0.000, -0.016)
30.56483, 3866, (-0.805, 0.000, -0.016)
30.57142, 3867, (-0.805, 0.000, -0.016)
30.57824, 3868, (-0.805, 0.000, -0.016)
30.58439, 3869, (-0.805, 0.000, -0.016)
30.59092, 3870, (-0.805, 0.000, -0.016)
30.59715, 3871, (-0.805, 0.000, -0.016)
30.60427, 3872, (-0.805, 0.000, -0.016)
30.61125, 3873, (-0.805, 0.000, -0.016)
30.61905, 3874, (-0.805, 0.000, -0.016)
30.62523, 3875, (-0.805, 0.000, -0.016)
30.63062, 3876, (-0.805, 0.000, -0.016)
30.63772, 3877, (-0.805, 0.000, -0.016)
30.646, 3878, (-0.805, 0.000, -0.016)
30.65372, 3879, (-0.805, 0.000, -0.016)
30.66095, 3880, (-0.805, 0.000, -0.016)
30.66815, 3881, (-0.805, 0.000, -0.016)
30.67424, 3882, (-0.805, 0.000, -0.016)
30.68151, 3883, (-0.805, 0.000, -0.016)
30.68853, 3884, (-0.805, 0.000, -0.016)
30.69563, 3885, (-0.805, 0.000, -0.016)
30.70295, 3886, (-0.805, 0.000, -0.016)
30.70923, 3887, (-0.805, 0.000, -0.016)
30.71677, 3888, (-0.805, 0.000, -0.016)
30.72384, 3889, (-0.805, 0.000, -0.016)
30.73117, 3890, (-0.805, 0.000, -0.016)
30.73829, 3891, (-0.805, 0.000, -0.016)
30.74502, 3892, (-0.805, 0.000, -0.016)
30.75199, 3893, (-0.805, 0.000, -0.016)
30.75924, 3894, (-0.805, 0.000, -0.016)
30.76609, 3895, (-0.805, 0.000, -0.016)
30.77139, 3896, (-0.805, 0.000, -0.016)
30.77721, 3897, (-0.805, 0.000, -0.016)
30.78421, 3898, (-0.805, 0.000, -0.016)
30.78968, 3899, (-0.805, 0.000, -0.016)
30.79572, 3900, (-0.805, 0.000, -0.016)
30.803, 3901, (-0.805, 0.000, -0.016)
30.80934, 3902, (-0.805, 0.000, -0.016)
30.81604, 3903, (-0.805, 0.000, -0.016)
30.82302, 3904, (-0.805, 0.000, -0.016)
30.82953, 3905, (-0.805, 0.000, -0.016)
30.8369, 3906, (-0.805, 0.000, -0.016)
30.84257, 3907, (-0.805, 0.000, -0.016)
30.84832, 3908, (-0.805, 0.000, -0.016)
30.85365, 3909, (-0.805, 0.000, -0.016)
30.85945, 3910, (-0.805, 0.000, -0.016)
30.86612, 3911, (-0.805, 0.000, -0.016)
30.87187, 3912, (-0.805, 0.000, -0.016)
30.87952, 3913, (-0.805, 0.000, -0.016)
30.88667, 3914, (-0.805, 0.000, -0.016)
30.89354, 3915, (-0.805, 0.000, -0.016)
30.9006, 3916, (-0.805, 0.000, -0.016)
30.90709, 3917, (-0.805, 0.000, -0.016)
30.91314, 3918, (-0.805, 0.000, -0.016)
30.91903, 3919, (-0.805, 0.000, -0.016)
30.92491, 3920, (-0.805, 0.000, -0.016)
30.93217, 3921, (-0.805, 0.000, -0.016)
30.93849, 3922, (-0.805, 0.000, -0.016)
30.94457, 3923, (-0.805, 0.000, -0.016)
30.95138, 3924, (-0.805, 0.000, -0.016)
30.95733, 3925, (-0.805, 0.000, -0.016)
30.96276, 3926, (-0.805, 0.000, -0.016)
30.96898, 3927, (-0.805, 0.000, -0.016)
30.97472, 3928, (-0.805, 0.000, -0.016)
30.98106, 3929, (-0.805, 0.000, -0.016)
30.9874, 3930, (-0.805, 0.000, -0.016)
30.99314, 3931, (-0.805, 0.000, -0.016)
30.9998, 3932, (-0.805, 0.000, -0.016)
31.00587, 3933, (-0.805, 0.000, -0.016)
31.01221, 3934, (-0.805, 0.000, -0.016)
31.01858, 3935, (-0.805, 0.000, -0.016)
31.02599, 3936, (-0.805, 0.000, -0.016)
31.03278, 3937, (-0.805, 0.000, -0.016)
31.03941, 3938, (-0.805, 0.000, -0.016)
31.04631, 3939, (-0.805, 0.000, -0.016)
31.0534, 3940, (-0.805, 0.000, -0.016)
31.06021, 3941, (-0.805, 0.000, -0.016)
31.06698, 3942, (-0.805, 0.000, -0.016)
31.07304, 3943, (-0.805, 0.000, -0.016)
31.07929, 3944, (-0.805, 0.000, -0.016)
31.08554, 3945, (-0.805, 0.000, -0.016)
31.09104, 3946, (-0.805, 0.000, -0.016)
31.09677, 3947, (-0.805, 0.000, -0.016)
31.10259, 3948, (-0.805, 0.000, -0.016)
31.10877, 3949, (-0.805, 0.000, -0.016)
31.11632, 3950, (-0.805, 0.000, -0.016)
31.12256, 3951, (-0.805, 0.000, -0.016)
31.12935, 3952, (-0.805, 0.000, -0.016)
31.13654, 3953, (-0.805, 0.000, -0.016)
31.14331, 3954, (-0.805, 0.000, -0.016)
31.15084, 3955, (-0.805, 0.000, -0.016)
31.15725, 3956, (-0.805, 0.000, -0.016)
31.16273, 3957, (-0.805, 0.000, -0.016)
31.16827, 3958, (-0.805, 0.000, -0.016)
31.17423, 3959, (-0.805, 0.000, -0.016)
31.18023, 3960, (-0.805, 0.000, -0.016)
31.1866, 3961, (-0.805, 0.000, -0.016)
31.19343, 3962, (-0.805, 0.000, -0.016)
31.20086, 3963, (-0.805, 0.000, -0.016)
31.20759, 3964, (-0.805, 0.000, -0.016)
31.21409, 3965, (-0.805, 0.000, -0.016)
31.22049, 3966, (-0.805, 0.000, -0.016)
31.22733, 3967, (-0.805, 0.000, -0.016)
31.23433, 3968, (-0.805, 0.000, -0.016)
31.24111, 3969, (-0.805, 0.000, -0.016)
31.2481, 3970, (-0.805, 0.000, -0.016)
31.25451, 3971, (-0.805, 0.000, -0.016)
31.26027, 3972, (-0.805, 0.000, -0.016)
31.26605, 3973, (-0.805, 0.000, -0.016)
31.27149, 3974, (-0.805, 0.000, -0.016)
31.2774, 3975, (-0.805, 0.000, -0.016)
31.28447, 3976, (-0.805, 0.000, -0.016)
31.2903, 3977, (-0.805, 0.000, -0.016)
31.29607, 3978, (-0.805, 0.000, -0.016)
31.30317, 3979, (-0.805, 0.000, -0.016)
31.3101, 3980, (-0.805, 0.000, -0.016)
31.31762, 3981, (-0.805, 0.000, -0.016)
31.32473, 3982, (-0.805, 0.000, -0.016)
31.33183, 3983, (-0.805, 0.000, -0.016)
31.33839, 3984, (-0.805, 0.000, -0.016)
31.345, 3985, (-0.805, 0.000, -0.016)
31.35146, 3986, (-0.805, 0.000, -0.016)
31.35784, 3987, (-0.805, 0.000, -0.016)
31.36424, 3988, (-0.805, 0.000, -0.016)
31.37096, 3989, (-0.805, 0.000, -0.016)
31.37767, 3990, (-0.805, 0.000, -0.016)
31.38486, 3991, (-0.805, 0.000, -0.016)
31.39188, 3992, (-0.805, 0.000, -0.016)
31.39882, 3993, (-0.805, 0.000, -0.016)
31.40497, 3994, (-0.805, 0.000, -0.016)
31.4103, 3995, (-0.805, 0.000, -0.016)
31.41648, 3996, (-0.805, 0.000, -0.016)
31.42268, 3997, (-0.805, 0.000, -0.016)
31.42808, 3998, (-0.805, 0.000, -0.016)
31.43369, 3999, (-0.805, 0.000, -0.016)
31.4395, 4000, (-0.805, 0.000, -0.016)
31.44487, 4001, (-0.805, 0.000, -0.016)
31.4589, 4002, (-0.805, 0.000, -0.016)
31.46718, 4003, (-0.805, 0.000, -0.016)
31.47445, 4004, (-0.805, 0.000, -0.016)
31.482, 4005, (-0.805, 0.000, -0.016)
31.48932, 4006, (-0.805, 0.000, -0.016)
31.49547, 4007, (-0.805, 0.000, -0.016)
31.50166, 4008, (-0.805, 0.000, -0.016)
31.50772, 4009, (-0.805, 0.000, -0.016)
31.51554, 4010, (-0.805, 0.000, -0.016)
31.52325, 4011, (-0.805, 0.000, -0.016)
31.53058, 4012, (-0.805, 0.000, -0.016)
31.53784, 4013, (-0.805, 0.000, -0.016)
31.54477, 4014, (-0.805, 0.000, -0.016)
31.55155, 4015, (-0.805, 0.000, -0.016)
31.55821, 4016, (-0.805, 0.000, -0.016)
31.56492, 4017, (-0.805, 0.000, -0.016)
31.57143, 4018, (-0.805, 0.000, -0.016)
31.57832, 4019, (-0.805, 0.000, -0.016)
31.58639, 4020, (-0.805, 0.000, -0.016)
31.59453, 4021, (-0.805, 0.000, -0.016)
31.60238, 4022, (-0.805, 0.000, -0.016)
31.61168, 4023, (-0.805, 0.000, -0.016)
31.62068, 4024, (-0.805, 0.000, -0.016)
31.62908, 4025, (-0.805, 0.000, -0.016)
31.63857, 4026, (-0.805, 0.000, -0.016)
31.64629, 4027, (-0.805, 0.000, -0.016)
31.65367, 4028, (-0.805, 0.000, -0.016)
31.66036, 4029, (-0.805, 0.000, -0.016)
31.66838, 4030, (-0.805, 0.000, -0.016)
31.67472, 4031, (-0.805, 0.000, -0.016)
31.68124, 4032, (-0.805, 0.000, -0.016)
31.6871, 4033, (-0.805, 0.000, -0.016)
31.69246, 4034, (-0.805, 0.000, -0.016)
31.69861, 4035, (-0.805, 0.000, -0.016)
31.70538, 4036, (-0.805, 0.000, -0.016)
31.71087, 4037, (-0.805, 0.000, -0.016)
31.71697, 4038, (-0.805, 0.000, -0.016)
31.72223, 4039, (-0.805, 0.000, -0.016)
31.72802, 4040, (-0.805, 0.000, -0.016)
31.73391, 4041, (-0.805, 0.000, -0.016)
31.73923, 4042, (-0.805, 0.000, -0.016)
31.7452, 4043, (-0.805, 0.000, -0.016)
31.75103, 4044, (-0.805, 0.000, -0.016)
31.75648, 4045, (-0.805, 0.000, -0.016)
31.76251, 4046, (-0.805, 0.000, -0.016)
31.76917, 4047, (-0.805, 0.000, -0.016)
31.77543, 4048, (-0.805, 0.000, -0.016)
31.78114, 4049, (-0.805, 0.000, -0.016)
31.78665, 4050, (-0.805, 0.000, -0.016)
31.79244, 4051, (-0.805, 0.000, -0.016)
31.79802, 4052, (-0.805, 0.000, -0.016)
31.80521, 4053, (-0.805, 0.000, -0.016)
31.81237, 4054, (-0.805, 0.000, -0.016)
31.82039, 4055, (-0.805, 0.000, -0.016)
31.82801, 4056, (-0.805, 0.000, -0.016)
31.83513, 4057, (-0.805, 0.000, -0.016)
31.84148, 4058, (-0.805, 0.000, -0.016)
31.8472, 4059, (-0.805, 0.000, -0.016)
31.85373, 4060, (-0.805, 0.000, -0.016)
31.86058, 4061, (-0.805, 0.000, -0.016)
31.86798, 4062, (-0.805, 0.000, -0.016)
31.87444, 4063, (-0.805, 0.000, -0.016)
31.88112, 4064, (-0.805, 0.000, -0.016)
31.88713, 4065, (-0.805, 0.000, -0.016)
31.89436, 4066, (-0.805, 0.000, -0.016)
31.90096, 4067, (-0.805, 0.000, -0.016)
31.90692, 4068, (-0.805, 0.000, -0.016)
31.91326, 4069, (-0.805, 0.000, -0.016)
31.9198, 4070, (-0.805, 0.000, -0.016)
31.92559, 4071, (-0.805, 0.000, -0.016)
31.93194, 4072, (-0.805, 0.000, -0.016)
31.93829, 4073, (-0.805, 0.000, -0.016)
31.94387, 4074, (-0.805, 0.000, -0.016)
31.95049, 4075, (-0.805, 0.000, -0.016)
31.95685, 4076, (-0.805, 0.000, -0.016)
31.96286, 4077, (-0.805, 0.000, -0.016)
31.96941, 4078, (-0.805, 0.000, -0.016)
31.97599, 4079, (-0.805, 0.000, -0.016)
31.98405, 4080, (-0.805, 0.000, -0.016)
31.99073, 4081, (-0.805, 0.000, -0.016)
31.9964, 4082, (-0.805, 0.000, -0.016)
32.00283, 4083, (-0.805, 0.000, -0.016)
32.00953, 4084, (-0.805, 0.000, -0.016)
32.01522, 4085, (-0.805, 0.000, -0.016)
32.02064, 4086, (-0.805, 0.000, -0.016)
32.02628, 4087, (-0.805, 0.000, -0.016)
32.0336, 4088, (-0.805, 0.000, -0.016)
32.04132, 4089, (-0.805, 0.000, -0.016)
32.04906, 4090, (-0.805, 0.000, -0.016)
32.05661, 4091, (-0.805, 0.000, -0.016)
32.0638, 4092, (-0.805, 0.000, -0.016)
32.0708, 4093, (-0.805, 0.000, -0.016)
32.07718, 4094, (-0.805, 0.000, -0.016)
32.0835, 4095, (-0.805, 0.000, -0.016)
32.0896, 4096, (-0.805, 0.000, -0.016)
32.09589, 4097, (-0.805, 0.000, -0.016)
32.10249, 4098, (-0.805, 0.000, -0.016)
32.10921, 4099, (-0.805, 0.000, -0.016)
32.11664, 4100, (-0.805, 0.000, -0.016)
32.12276, 4101, (-0.805, 0.000, -0.016)
32.12831, 4102, (-0.805, 0.000, -0.016)
32.134, 4103, (-0.805, 0.000, -0.016)
32.13969, 4104, (-0.805, 0.000, -0.016)
32.14502, 4105, (-0.805, 0.000, -0.016)
32.15071, 4106, (-0.805, 0.000, -0.016)
32.1564, 4107, (-0.805, 0.000, -0.016)
32.16185, 4108, (-0.805, 0.000, -0.016)
32.16813, 4109, (-0.805, 0.000, -0.016)
32.17494, 4110, (-0.805, 0.000, -0.016)
32.1814, 4111, (-0.805, 0.000, -0.016)
32.18864, 4112, (-0.805, 0.000, -0.016)
32.19628, 4113, (-0.805, 0.000, -0.016)
32.20361, 4114, (-0.805, 0.000, -0.016)
32.21009, 4115, (-0.805, 0.000, -0.016)
32.21711, 4116, (-0.805, 0.000, -0.016)
32.22438, 4117, (-0.805, 0.000, -0.016)
32.23133, 4118, (-0.805, 0.000, -0.016)
32.2385, 4119, (-0.805, 0.000, -0.016)
32.24497, 4120, (-0.805, 0.000, -0.016)
32.25074, 4121, (-0.805, 0.000, -0.016)
32.25627, 4122, (-0.805, 0.000, -0.016)
32.26205, 4123, (-0.805, 0.000, -0.016)
32.26764, 4124, (-0.805, 0.000, -0.016)
32.27362, 4125, (-0.805, 0.000, -0.016)
32.28012, 4126, (-0.805, 0.000, -0.016)
32.28592, 4127, (-0.805, 0.000, -0.016)
32.29195, 4128, (-0.805, 0.000, -0.016)
32.29841, 4129, (-0.805, 0.000, -0.016)
32.30472, 4130, (-0.805, 0.000, -0.016)
32.3101, 4131, (-0.805, 0.000, -0.016)
32.31612, 4132, (-0.805, 0.000, -0.016)
32.32219, 4133, (-0.805, 0.000, -0.016)
32.32856, 4134, (-0.805, 0.000, -0.016)
32.33556, 4135, (-0.805, 0.000, -0.016)
32.34329, 4136, (-0.805, 0.000, -0.016)
32.35085, 4137, (-0.805, 0.000, -0.016)
32.35734, 4138, (-0.805, 0.000, -0.016)
32.36351, 4139, (-0.805, 0.000, -0.016)
32.36963, 4140, (-0.805, 0.000, -0.016)
32.37548, 4141, (-0.805, 0.000, -0.016)
32.38142, 4142, (-0.805, 0.000, -0.016)
32.38703, 4143, (-0.805, 0.000, -0.016)
32.39263, 4144, (-0.805, 0.000, -0.016)
32.39964, 4145, (-0.805, 0.000, -0.016)
32.40737, 4146, (-0.805, 0.000, -0.016)
32.41374, 4147, (-0.805, 0.000, -0.016)
32.41979, 4148, (-0.805, 0.000, -0.016)
32.42732, 4149, (-0.805, 0.000, -0.016)
32.43418, 4150, (-0.805, 0.000, -0.016)
32.44081, 4151, (-0.805, 0.000, -0.016)
32.44799, 4152, (-0.805, 0.000, -0.016)
32.45481, 4153, (-0.805, 0.000, -0.016)
32.46208, 4154, (-0.805, 0.000, -0.016)
32.46955, 4155, (-0.805, 0.000, -0.016)
32.47613, 4156, (-0.805, 0.000, -0.016)
32.48256, 4157, (-0.805, 0.000, -0.016)
32.48793, 4158, (-0.805, 0.000, -0.016)
32.49345, 4159, (-0.805, 0.000, -0.016)
32.50008, 4160, (-0.805, 0.000, -0.016)
32.50665, 4161, (-0.805, 0.000, -0.016)
32.51429, 4162, (-0.805, 0.000, -0.016)
32.52041, 4163, (-0.805, 0.000, -0.016)
32.52716, 4164, (-0.805, 0.000, -0.016)
32.53369, 4165, (-0.805, 0.000, -0.016)
32.54011, 4166, (-0.805, 0.000, -0.016)
32.54778, 4167, (-0.805, 0.000, -0.016)
32.55455, 4168, (-0.805, 0.000, -0.016)
32.5616, 4169, (-0.805, 0.000, -0.016)
32.5685, 4170, (-0.805, 0.000, -0.016)
32.57418, 4171, (-0.805, 0.000, -0.016)
32.58085, 4172, (-0.805, 0.000, -0.016)
32.58692, 4173, (-0.805, 0.000, -0.016)
32.59277, 4174, (-0.805, 0.000, -0.016)
32.59824, 4175, (-0.805, 0.000, -0.016)
32.60367, 4176, (-0.805, 0.000, -0.016)
32.60933, 4177, (-0.805, 0.000, -0.016)
32.61516, 4178, (-0.805, 0.000, -0.016)
32.62107, 4179, (-0.805, 0.000, -0.016)
32.62742, 4180, (-0.805, 0.000, -0.016)
32.63406, 4181, (-0.805, 0.000, -0.016)
32.64104, 4182, (-0.805, 0.000, -0.016)
32.64735, 4183, (-0.805, 0.000, -0.016)
32.65322, 4184, (-0.805, 0.000, -0.016)
32.65951, 4185, (-0.805, 0.000, -0.016)
32.66529, 4186, (-0.805, 0.000, -0.016)
32.67073, 4187, (-0.805, 0.000, -0.016)
32.67643, 4188, (-0.805, 0.000, -0.016)
32.68209, 4189, (-0.805, 0.000, -0.016)
32.68736, 4190, (-0.805, 0.000, -0.016)
32.69293, 4191, (-0.805, 0.000, -0.016)
32.69874, 4192, (-0.805, 0.000, -0.016)
32.70411, 4193, (-0.805, 0.000, -0.016)
32.71029, 4194, (-0.805, 0.000, -0.016)
32.71713, 4195, (-0.805, 0.000, -0.016)
32.72381, 4196, (-0.805, 0.000, -0.016)
32.7309, 4197, (-0.805, 0.000, -0.016)
32.73867, 4198, (-0.805, 0.000, -0.016)
32.74547, 4199, (-0.805, 0.000, -0.016)
32.75229, 4200, (-0.805, 0.000, -0.016)
32.75866, 4201, (-0.805, 0.000, -0.016)
32.76563, 4202, (-0.805, 0.000, -0.016)
32.7729, 4203, (-0.805, 0.000, -0.016)
32.77846, 4204, (-0.805, 0.000, -0.016)
32.78414, 4205, (-0.805, 0.000, -0.016)
32.78956, 4206, (-0.805, 0.000, -0.016)
32.79547, 4207, (-0.805, 0.000, -0.016)
32.80206, 4208, (-0.805, 0.000, -0.016)
32.80813, 4209, (-0.805, 0.000, -0.016)
32.81553, 4210, (-0.805, 0.000, -0.016)
32.8226, 4211, (-0.805, 0.000, -0.016)
32.82858, 4212, (-0.805, 0.000, -0.016)
32.83444, 4213, (-0.805, 0.000, -0.016)
32.84093, 4214, (-0.805, 0.000, -0.016)
32.84773, 4215, (-0.805, 0.000, -0.016)
32.85427, 4216, (-0.805, 0.000, -0.016)
32.85998, 4217, (-0.805, 0.000, -0.016)
32.86563, 4218, (-0.805, 0.000, -0.016)
32.87107, 4219, (-0.805, 0.000, -0.016)
32.87677, 4220, (-0.805, 0.000, -0.016)
32.88261, 4221, (-0.805, 0.000, -0.016)
32.88808, 4222, (-0.805, 0.000, -0.016)
32.8938, 4223, (-0.805, 0.000, -0.016)
32.89976, 4224, (-0.805, 0.000, -0.016)
32.90504, 4225, (-0.805, 0.000, -0.016)
32.91067, 4226, (-0.805, 0.000, -0.016)
32.91853, 4227, (-0.805, 0.000, -0.016)
32.9256, 4228, (-0.805, 0.000, -0.016)
32.93346, 4229, (-0.805, 0.000, -0.016)
32.94142, 4230, (-0.805, 0.000, -0.016)
32.94875, 4231, (-0.805, 0.000, -0.016)
32.95476, 4232, (-0.805, 0.000, -0.016)
32.96058, 4233, (-0.805, 0.000, -0.016)
32.96763, 4234, (-0.805, 0.000, -0.016)
32.97369, 4235, (-0.805, 0.000, -0.016)
32.98075, 4236, (-0.805, 0.000, -0.016)
32.98768, 4237, (-0.805, 0.000, -0.016)
32.99454, 4238, (-0.805, 0.000, -0.016)
33.0018, 4239, (-0.805, 0.000, -0.016)
33.00876, 4240, (-0.805, 0.000, -0.016)
33.01536, 4241, (-0.805, 0.000, -0.016)
33.02113, 4242, (-0.805, 0.000, -0.016)
33.02737, 4243, (-0.805, 0.000, -0.016)
33.03394, 4244, (-0.805, 0.000, -0.016)
33.0407, 4245, (-0.805, 0.000, -0.016)
33.04786, 4246, (-0.805, 0.000, -0.016)
33.05471, 4247, (-0.805, 0.000, -0.016)
33.06153, 4248, (-0.805, 0.000, -0.016)
33.06804, 4249, (-0.805, 0.000, -0.016)
33.07487, 4250, (-0.805, 0.000, -0.016)
33.0814, 4251, (-0.805, 0.000, -0.016)
33.08758, 4252, (-0.805, 0.000, -0.016)
33.0937, 4253, (-0.805, 0.000, -0.016)
33.1014, 4254, (-0.805, 0.000, -0.016)
33.10695, 4255, (-0.805, 0.000, -0.016)
33.11234, 4256, (-0.805, 0.000, -0.016)
33.11813, 4257, (-0.805, 0.000, -0.016)
33.12405, 4258, (-0.805, 0.000, -0.016)
33.12936, 4259, (-0.805, 0.000, -0.016)
33.13503, 4260, (-0.805, 0.000, -0.016)
33.14053, 4261, (-0.805, 0.000, -0.016)
33.14715, 4262, (-0.805, 0.000, -0.016)
33.15253, 4263, (-0.805, 0.000, -0.016)
33.15841, 4264, (-0.805, 0.000, -0.016)
33.16526, 4265, (-0.805, 0.000, -0.016)
33.17183, 4266, (-0.805, 0.000, -0.016)
33.17767, 4267, (-0.805, 0.000, -0.016)
33.18593, 4268, (-0.805, 0.000, -0.016)
33.19289, 4269, (-0.805, 0.000, -0.016)
33.2005, 4270, (-0.805, 0.000, -0.016)
33.20705, 4271, (-0.805, 0.000, -0.016)
33.21506, 4272, (-0.805, 0.000, -0.016)
33.22178, 4273, (-0.805, 0.000, -0.016)
33.22858, 4274, (-0.805, 0.000, -0.016)
33.24313, 4275, (-0.805, 0.000, -0.016)
33.25156, 4276, (-0.805, 0.000, -0.016)
33.2591, 4277, (-0.805, 0.000, -0.016)
33.26685, 4278, (-0.805, 0.000, -0.016)
33.27393, 4279, (-0.805, 0.000, -0.016)
33.28112, 4280, (-0.805, 0.000, -0.016)
33.28782, 4281, (-0.805, 0.000, -0.016)
33.29449, 4282, (-0.805, 0.000, -0.016)
33.30085, 4283, (-0.805, 0.000, -0.016)
33.30716, 4284, (-0.805, 0.000, -0.016)
33.31407, 4285, (-0.805, 0.000, -0.016)
33.31928, 4286, (-0.805, 0.000, -0.016)
33.32515, 4287, (-0.805, 0.000, -0.016)
33.33119, 4288, (-0.805, 0.000, -0.016)
33.33799, 4289, (-0.805, 0.000, -0.016)
33.34446, 4290, (-0.805, 0.000, -0.016)
33.3526, 4291, (-0.805, 0.000, -0.016)
33.35944, 4292, (-0.805, 0.000, -0.016)
33.36727, 4293, (-0.805, 0.000, -0.016)
33.37378, 4294, (-0.805, 0.000, -0.016)
33.38028, 4295, (-0.805, 0.000, -0.016)
33.38639, 4296, (-0.805, 0.000, -0.016)
33.39358, 4297, (-0.805, 0.000, -0.016)
33.40063, 4298, (-0.805, 0.000, -0.016)
33.40764, 4299, (-0.805, 0.000, -0.016)
33.41363, 4300, (-0.805, 0.000, -0.016)
33.41952, 4301, (-0.805, 0.000, -0.016)
33.42601, 4302, (-0.805, 0.000, -0.016)
33.43193, 4303, (-0.805, 0.000, -0.016)
33.43776, 4304, (-0.805, 0.000, -0.016)
33.44376, 4305, (-0.805, 0.000, -0.016)
33.45152, 4306, (-0.805, 0.000, -0.016)
33.45727, 4307, (-0.805, 0.000, -0.016)
33.46396, 4308, (-0.805, 0.000, -0.016)
33.47146, 4309, (-0.805, 0.000, -0.016)
33.47842, 4310, (-0.805, 0.000, -0.016)
33.4861, 4311, (-0.805, 0.000, -0.016)
33.4935, 4312, (-0.805, 0.000, -0.016)
33.50067, 4313, (-0.805, 0.000, -0.016)
33.50644, 4314, (-0.805, 0.000, -0.016)
33.51291, 4315, (-0.805, 0.000, -0.016)
33.52004, 4316, (-0.805, 0.000, -0.016)
33.52664, 4317, (-0.805, 0.000, -0.016)
33.53412, 4318, (-0.805, 0.000, -0.016)
33.54085, 4319, (-0.805, 0.000, -0.016)
33.54759, 4320, (-0.805, 0.000, -0.016)
33.55434, 4321, (-0.805, 0.000, -0.016)
33.56103, 4322, (-0.805, 0.000, -0.016)
33.5688, 4323, (-0.805, 0.000, -0.016)
33.57668, 4324, (-0.805, 0.000, -0.016)
33.58369, 4325, (-0.805, 0.000, -0.016)
33.59004, 4326, (-0.805, 0.000, -0.016)
33.59757, 4327, (-0.805, 0.000, -0.016)
33.60481, 4328, (-0.805, 0.000, -0.016)
33.61325, 4329, (-0.805, 0.000, -0.016)
33.6209, 4330, (-0.805, 0.000, -0.016)
33.62851, 4331, (-0.805, 0.000, -0.016)
33.63643, 4332, (-0.805, 0.000, -0.016)
33.64306, 4333, (-0.805, 0.000, -0.016)
33.65053, 4334, (-0.805, 0.000, -0.016)
33.65762, 4335, (-0.805, 0.000, -0.016)
33.66375, 4336, (-0.805, 0.000, -0.016)
33.66923, 4337, (-0.805, 0.000, -0.016)
33.67492, 4338, (-0.805, 0.000, -0.016)
33.68075, 4339, (-0.805, 0.000, -0.016)
33.68687, 4340, (-0.805, 0.000, -0.016)
33.69291, 4341, (-0.805, 0.000, -0.016)
33.69937, 4342, (-0.805, 0.000, -0.016)
33.70579, 4343, (-0.805, 0.000, -0.016)
33.7121, 4344, (-0.805, 0.000, -0.016)
33.71862, 4345, (-0.805, 0.000, -0.016)
33.72417, 4346, (-0.805, 0.000, -0.016)
33.73077, 4347, (-0.805, 0.000, -0.016)
33.7372, 4348, (-0.805, 0.000, -0.016)
33.74314, 4349, (-0.805, 0.000, -0.016)
33.74973, 4350, (-0.805, 0.000, -0.016)
33.7566, 4351, (-0.805, 0.000, -0.016)
33.76266, 4352, (-0.805, 0.000, -0.016)
33.76866, 4353, (-0.805, 0.000, -0.016)
33.77401, 4354, (-0.805, 0.000, -0.016)
33.78154, 4355, (-0.805, 0.000, -0.016)
33.78855, 4356, (-0.805, 0.000, -0.016)
33.79569, 4357, (-0.805, 0.000, -0.016)
33.80288, 4358, (-0.805, 0.000, -0.016)
33.80953, 4359, (-0.805, 0.000, -0.016)
33.81694, 4360, (-0.805, 0.000, -0.016)
33.82394, 4361, (-0.805, 0.000, -0.016)
33.82993, 4362, (-0.805, 0.000, -0.016)
33.8364, 4363, (-0.805, 0.000, -0.016)
33.84357, 4364, (-0.805, 0.000, -0.016)
33.85058, 4365, (-0.805, 0.000, -0.016)
33.85749, 4366, (-0.805, 0.000, -0.016)
33.86531, 4367, (-0.805, 0.000, -0.016)
33.87274, 4368, (-0.805, 0.000, -0.016)
33.87971, 4369, (-0.805, 0.000, -0.016)
33.88628, 4370, (-0.805, 0.000, -0.016)
33.89264, 4371, (-0.805, 0.000, -0.016)
33.89905, 4372, (-0.805, 0.000, -0.016)
33.90633, 4373, (-0.805, 0.000, -0.016)
33.91339, 4374, (-0.805, 0.000, -0.016)
33.92004, 4375, (-0.805, 0.000, -0.016)
33.92594, 4376, (-0.805, 0.000, -0.016)
33.93263, 4377, (-0.805, 0.000, -0.016)
33.93903, 4378, (-0.805, 0.000, -0.016)
33.94499, 4379, (-0.805, 0.000, -0.016)
33.9507, 4380, (-0.805, 0.000, -0.016)
33.95701, 4381, (-0.805, 0.000, -0.016)
33.96268, 4382, (-0.805, 0.000, -0.016)
33.96854, 4383, (-0.805, 0.000, -0.016)
33.97411, 4384, (-0.805, 0.000, -0.016)
33.98046, 4385, (-0.805, 0.000, -0.016)
33.98666, 4386, (-0.805, 0.000, -0.016)
33.99287, 4387, (-0.805, 0.000, -0.016)
33.99979, 4388, (-0.805, 0.000, -0.016)
34.0059, 4389, (-0.805, 0.000, -0.016)
34.01133, 4390, (-0.805, 0.000, -0.016)
34.0175, 4391, (-0.805, 0.000, -0.016)
34.02299, 4392, (-0.805, 0.000, -0.016)
34.02868, 4393, (-0.805, 0.000, -0.016)
34.03432, 4394, (-0.805, 0.000, -0.016)
34.03994, 4395, (-0.805, 0.000, -0.016)
34.04544, 4396, (-0.805, 0.000, -0.016)
34.05123, 4397, (-0.805, 0.000, -0.016)
34.06182, 4398, (-0.805, 0.000, -0.016)
34.06935, 4399, (-0.805, 0.000, -0.016)
34.0763, 4400, (-0.805, 0.000, -0.016)
34.08385, 4401, (-0.805, 0.000, -0.016)
34.08976, 4402, (-0.805, 0.000, -0.016)
34.09536, 4403, (-0.805, 0.000, -0.016)
34.10095, 4404, (-0.805, 0.000, -0.016)
34.10802, 4405, (-0.805, 0.000, -0.016)
34.11412, 4406, (-0.805, 0.000, -0.016)
34.1198, 4407, (-0.805, 0.000, -0.016)
34.12584, 4408, (-0.805, 0.000, -0.016)
34.13293, 4409, (-0.805, 0.000, -0.016)
34.14081, 4410, (-0.805, 0.000, -0.016)
34.14861, 4411, (-0.805, 0.000, -0.016)
34.15515, 4412, (-0.805, 0.000, -0.016)
34.16104, 4413, (-0.805, 0.000, -0.016)
34.16711, 4414, (-0.805, 0.000, -0.016)
34.17266, 4415, (-0.805, 0.000, -0.016)
34.17807, 4416, (-0.805, 0.000, -0.016)
34.18444, 4417, (-0.805, 0.000, -0.016)
34.19143, 4418, (-0.805, 0.000, -0.016)
34.19872, 4419, (-0.805, 0.000, -0.016)
34.20555, 4420, (-0.805, 0.000, -0.016)
34.21238, 4421, (-0.805, 0.000, -0.016)
34.21836, 4422, (-0.805, 0.000, -0.016)
34.22406, 4423, (-0.805, 0.000, -0.016)
34.22951, 4424, (-0.805, 0.000, -0.016)
34.23812, 4425, (-0.805, 0.000, -0.016)
34.24454, 4426, (-0.805, 0.000, -0.016)
34.25083, 4427, (-0.805, 0.000, -0.016)
34.25681, 4428, (-0.805, 0.000, -0.016)
34.26514, 4429, (-0.805, 0.000, -0.016)
34.27324, 4430, (-0.805, 0.000, -0.016)
34.28037, 4431, (-0.805, 0.000, -0.016)
34.28719, 4432, (-0.805, 0.000, -0.016)
34.29414, 4433, (-0.805, 0.000, -0.016)
34.30044, 4434, (-0.805, 0.000, -0.016)
34.30635, 4435, (-0.805, 0.000, -0.016)
34.31256, 4436, (-0.805, 0.000, -0.016)
34.31886, 4437, (-0.805, 0.000, -0.016)
34.32538, 4438, (-0.805, 0.000, -0.016)
34.33122, 4439, (-0.805, 0.000, -0.016)
34.33713, 4440, (-0.805, 0.000, -0.016)
34.34383, 4441, (-0.805, 0.000, -0.016)
34.35095, 4442, (-0.805, 0.000, -0.016)
34.35771, 4443, (-0.805, 0.000, -0.016)
34.36464, 4444, (-0.805, 0.000, -0.016)
34.37216, 4445, (-0.805, 0.000, -0.016)
34.37812, 4446, (-0.805, 0.000, -0.016)
34.38513, 4447, (-0.805, 0.000, -0.016)
34.3917, 4448, (-0.805, 0.000, -0.016)
34.39789, 4449, (-0.805, 0.000, -0.016)
34.40353, 4450, (-0.805, 0.000, -0.016)
34.40946, 4451, (-0.805, 0.000, -0.016)
34.41674, 4452, (-0.805, 0.000, -0.016)
34.42684, 4453, (-0.805, 0.000, -0.016)
34.43436, 4454, (-0.805, 0.000, -0.016)
34.44083, 4455, (-0.805, 0.000, -0.016)
34.44764, 4456, (-0.805, 0.000, -0.016)
34.4548, 4457, (-0.805, 0.000, -0.016)
34.4617, 4458, (-0.805, 0.000, -0.016)
34.46948, 4459, (-0.805, 0.000, -0.016)
34.47727, 4460, (-0.805, 0.000, -0.016)
34.48436, 4461, (-0.805, 0.000, -0.016)
34.4906, 4462, (-0.805, 0.000, -0.016)
34.49686, 4463, (-0.805, 0.000, -0.016)
34.5022, 4464, (-0.805, 0.000, -0.016)
34.50766, 4465, (-0.805, 0.000, -0.016)
34.51469, 4466, (-0.805, 0.000, -0.016)
34.52169, 4467, (-0.805, 0.000, -0.016)
34.52851, 4468, (-0.805, 0.000, -0.016)
34.53467, 4469, (-0.805, 0.000, -0.016)
34.54016, 4470, (-0.805, 0.000, -0.016)
34.5457, 4471, (-0.805, 0.000, -0.016)
34.55221, 4472, (-0.805, 0.000, -0.016)
34.55795, 4473, (-0.805, 0.000, -0.016)
34.56404, 4474, (-0.805, 0.000, -0.016)
34.56988, 4475, (-0.805, 0.000, -0.016)
34.57638, 4476, (-0.805, 0.000, -0.016)
34.58403, 4477, (-0.805, 0.000, -0.016)
34.5903, 4478, (-0.805, 0.000, -0.016)
34.59794, 4479, (-0.805, 0.000, -0.016)
34.60455, 4480, (-0.805, 0.000, -0.016)
34.61179, 4481, (-0.805, 0.000, -0.016)
34.61814, 4482, (-0.805, 0.000, -0.016)
34.62499, 4483, (-0.805, 0.000, -0.016)
34.63209, 4484, (-0.805, 0.000, -0.016)
34.63914, 4485, (-0.805, 0.000, -0.016)
34.64631, 4486, (-0.805, 0.000, -0.016)
34.65316, 4487, (-0.805, 0.000, -0.016)
34.65886, 4488, (-0.805, 0.000, -0.016)
34.66464, 4489, (-0.805, 0.000, -0.016)
34.67006, 4490, (-0.805, 0.000, -0.016)
34.67607, 4491, (-0.805, 0.000, -0.016)
34.68295, 4492, (-0.805, 0.000, -0.016)
34.68895, 4493, (-0.805, 0.000, -0.016)
34.69607, 4494, (-0.805, 0.000, -0.016)
34.70276, 4495, (-0.805, 0.000, -0.016)
34.70889, 4496, (-0.805, 0.000, -0.016)
34.71538, 4497, (-0.805, 0.000, -0.016)
34.72171, 4498, (-0.805, 0.000, -0.016)
34.72735, 4499, (-0.805, 0.000, -0.016)
34.73309, 4500, (-0.805, 0.000, -0.016)
34.73934, 4501, (-0.805, 0.000, -0.016)
34.74566, 4502, (-0.805, 0.000, -0.016)
34.75135, 4503, (-0.805, 0.000, -0.016)
34.7573, 4504, (-0.805, 0.000, -0.016)
34.7644, 4505, (-0.805, 0.000, -0.016)
34.77209, 4506, (-0.805, 0.000, -0.016)
34.77889, 4507, (-0.805, 0.000, -0.016)
34.7864, 4508, (-0.805, 0.000, -0.016)
34.79367, 4509, (-0.805, 0.000, -0.016)
34.80072, 4510, (-0.805, 0.000, -0.016)
34.8074, 4511, (-0.805, 0.000, -0.016)
34.81385, 4512, (-0.805, 0.000, -0.016)
34.82045, 4513, (-0.805, 0.000, -0.016)
34.82695, 4514, (-0.805, 0.000, -0.016)
34.83251, 4515, (-0.805, 0.000, -0.016)
34.83801, 4516, (-0.805, 0.000, -0.016)
34.84381, 4517, (-0.805, 0.000, -0.016)
34.84974, 4518, (-0.805, 0.000, -0.016)
34.85569, 4519, (-0.805, 0.000, -0.016)
34.86219, 4520, (-0.805, 0.000, -0.016)
34.86932, 4521, (-0.805, 0.000, -0.016)
34.87561, 4522, (-0.805, 0.000, -0.016)
34.8826, 4523, (-0.805, 0.000, -0.016)
34.88966, 4524, (-0.805, 0.000, -0.016)
34.89509, 4525, (-0.805, 0.000, -0.016)
34.90148, 4526, (-0.805, 0.000, -0.016)
34.90897, 4527, (-0.805, 0.000, -0.016)
34.91634, 4528, (-0.805, 0.000, -0.016)
34.92365, 4529, (-0.805, 0.000, -0.016)
34.93097, 4530, (-0.805, 0.000, -0.016)
34.93818, 4531, (-0.805, 0.000, -0.016)
34.94562, 4532, (-0.805, 0.000, -0.016)
34.95288, 4533, (-0.805, 0.000, -0.016)
34.96018, 4534, (-0.805, 0.000, -0.016)
34.96719, 4535, (-0.805, 0.000, -0.016)
34.97319, 4536, (-0.805, 0.000, -0.016)
34.97842, 4537, (-0.805, 0.000, -0.016)
34.98454, 4538, (-0.805, 0.000, -0.016)
34.9916, 4539, (-0.805, 0.000, -0.016)
34.99863, 4540, (-0.805, 0.000, -0.016)
35.00434, 4541, (-0.805, 0.000, -0.016)
35.01073, 4542, (-0.805, 0.000, -0.016)
35.01712, 4543, (-0.805, 0.000, -0.016)
35.02274, 4544, (-0.805, 0.000, -0.016)
35.02873, 4545, (-0.805, 0.000, -0.016)
35.03489, 4546, (-0.805, 0.000, -0.016)
35.04061, 4547, (-0.805, 0.000, -0.016)
35.0479, 4548, (-0.805, 0.000, -0.016)
35.05351, 4549, (-0.805, 0.000, -0.016)
35.05996, 4550, (-0.805, 0.000, -0.016)
35.06641, 4551, (-0.805, 0.000, -0.016)
35.0719, 4552, (-0.805, 0.000, -0.016)
35.07817, 4553, (-0.805, 0.000, -0.016)
35.08454, 4554, (-0.805, 0.000, -0.016)
35.0906, 4555, (-0.805, 0.000, -0.016)
35.098, 4556, (-0.805, 0.000, -0.016)
35.1035, 4557, (-0.805, 0.000, -0.016)
35.11925, 4558, (-0.805, 0.000, -0.016)
35.12737, 4559, (-0.805, 0.000, -0.016)
35.1355, 4560, (-0.805, 0.000, -0.016)
35.14196, 4561, (-0.805, 0.000, -0.016)
35.14916, 4562, (-0.805, 0.000, -0.016)
35.15525, 4563, (-0.805, 0.000, -0.016)
35.16118, 4564, (-0.805, 0.000, -0.016)
35.16673, 4565, (-0.805, 0.000, -0.016)
35.17239, 4566, (-0.805, 0.000, -0.016)
35.17787, 4567, (-0.805, 0.000, -0.016)
35.1838, 4568, (-0.805, 0.000, -0.016)
35.1892, 4569, (-0.805, 0.000, -0.016)
35.19509, 4570, (-0.805, 0.000, -0.016)
35.2013, 4571, (-0.805, 0.000, -0.016)
35.20763, 4572, (-0.805, 0.000, -0.016)
35.21353, 4573, (-0.805, 0.000, -0.016)
35.21926, 4574, (-0.805, 0.000, -0.016)
35.22518, 4575, (-0.805, 0.000, -0.016)
35.23207, 4576, (-0.805, 0.000, -0.016)
35.23827, 4577, (-0.805, 0.000, -0.016)
35.24449, 4578, (-0.805, 0.000, -0.016)
35.25068, 4579, (-0.805, 0.000, -0.016)
35.2576, 4580, (-0.805, 0.000, -0.016)
35.26418, 4581, (-0.805, 0.000, -0.016)
35.27193, 4582, (-0.805, 0.000, -0.016)
35.27836, 4583, (-0.805, 0.000, -0.016)
35.2844, 4584, (-0.805, 0.000, -0.016)
35.29009, 4585, (-0.805, 0.000, -0.016)
35.2963, 4586, (-0.805, 0.000, -0.016)
35.30279, 4587, (-0.805, 0.000, -0.016)
35.30843, 4588, (-0.805, 0.000, -0.016)
35.31435, 4589, (-0.805, 0.000, -0.016)
35.32007, 4590, (-0.805, 0.000, -0.016)
35.32687, 4591, (-0.805, 0.000, -0.016)
35.33262, 4592, (-0.805, 0.000, -0.016)
35.33794, 4593, (-0.805, 0.000, -0.016)
35.34348, 4594, (-0.805, 0.000, -0.016)
35.34988, 4595, (-0.805, 0.000, -0.016)
35.35785, 4596, (-0.805, 0.000, -0.016)
35.36526, 4597, (-0.805, 0.000, -0.016)
35.37182, 4598, (-0.805, 0.000, -0.016)
35.37864, 4599, (-0.805, 0.000, -0.016)
35.38551, 4600, (-0.805, 0.000, -0.016)
35.3913, 4601, (-0.805, 0.000, -0.016)
35.39692, 4602, (-0.805, 0.000, -0.016)
35.40296, 4603, (-0.805, 0.000, -0.016)
35.40937, 4604, (-0.805, 0.000, -0.016)
35.41622, 4605, (-0.805, 0.000, -0.016)
35.42408, 4606, (-0.805, 0.000, -0.016)
35.4317, 4607, (-0.805, 0.000, -0.016)
35.43876, 4608, (-0.805, 0.000, -0.016)
35.44576, 4609, (-0.805, 0.000, -0.016)
35.45275, 4610, (-0.805, 0.000, -0.016)
35.45976, 4611, (-0.805, 0.000, -0.016)
35.46723, 4612, (-0.805, 0.000, -0.016)
35.47347, 4613, (-0.805, 0.000, -0.016)
35.47953, 4614, (-0.805, 0.000, -0.016)
35.48523, 4615, (-0.805, 0.000, -0.016)
35.49261, 4616, (-0.805, 0.000, -0.016)
35.49936, 4617, (-0.805, 0.000, -0.016)
35.50552, 4618, (-0.805, 0.000, -0.016)
35.51123, 4619, (-0.805, 0.000, -0.016)
35.51788, 4620, (-0.805, 0.000, -0.016)
35.52423, 4621, (-0.805, 0.000, -0.016)
35.5299, 4622, (-0.805, 0.000, -0.016)
35.53542, 4623, (-0.805, 0.000, -0.016)
35.54132, 4624, (-0.805, 0.000, -0.016)
35.54733, 4625, (-0.805, 0.000, -0.016)
35.55382, 4626, (-0.805, 0.000, -0.016)
35.5609, 4627, (-0.805, 0.000, -0.016)
35.56883, 4628, (-0.805, 0.000, -0.016)
35.57634, 4629, (-0.805, 0.000, -0.016)
35.58361, 4630, (-0.805, 0.000, -0.016)
35.59048, 4631, (-0.805, 0.000, -0.016)
35.59797, 4632, (-0.805, 0.000, -0.016)
35.60525, 4633, (-0.805, 0.000, -0.016)
35.61193, 4634, (-0.805, 0.000, -0.016)
35.61979, 4635, (-0.805, 0.000, -0.016)
35.62718, 4636, (-0.805, 0.000, -0.016)
35.63396, 4637, (-0.805, 0.000, -0.016)
35.64058, 4638, (-0.805, 0.000, -0.016)
35.64756, 4639, (-0.805, 0.000, -0.016)
35.65335, 4640, (-0.805, 0.000, -0.016)
35.65991, 4641, (-0.805, 0.000, -0.016)
35.66608, 4642, (-0.805, 0.000, -0.016)
35.67149, 4643, (-0.805, 0.000, -0.016)
35.67693, 4644, (-0.805, 0.000, -0.016)
35.68306, 4645, (-0.805, 0.000, -0.016)
35.68879, 4646, (-0.805, 0.000, -0.016)
35.6941, 4647, (-0.805, 0.000, -0.016)
35.69989, 4648, (-0.805, 0.000, -0.016)
35.70568, 4649, (-0.805, 0.000, -0.016)
35.71254, 4650, (-0.805, 0.000, -0.016)
35.71871, 4651, (-0.805, 0.000, -0.016)
35.72473, 4652, (-0.805, 0.000, -0.016)
35.73153, 4653, (-0.805, 0.000, -0.016)
35.73752, 4654, (-0.805, 0.000, -0.016)
35.74427, 4655, (-0.805, 0.000, -0.016)
35.75249, 4656, (-0.805, 0.000, -0.016)
35.76017, 4657, (-0.805, 0.000, -0.016)
35.76741, 4658, (-0.805, 0.000, -0.016)
35.77497, 4659, (-0.805, 0.000, -0.016)
35.78251, 4660, (-0.805, 0.000, -0.016)
35.78896, 4661, (-0.805, 0.000, -0.016)
35.79501, 4662, (-0.805, 0.000, -0.016)
35.80261, 4663, (-0.805, 0.000, -0.016)
35.80964, 4664, (-0.805, 0.000, -0.016)
35.81702, 4665, (-0.805, 0.000, -0.016)
35.82359, 4666, (-0.805, 0.000, -0.016)
35.83148, 4667, (-0.805, 0.000, -0.016)
35.8385, 4668, (-0.805, 0.000, -0.016)
35.84531, 4669, (-0.805, 0.000, -0.016)
35.85253, 4670, (-0.805, 0.000, -0.016)
35.8602, 4671, (-0.805, 0.000, -0.016)
35.86782, 4672, (-0.805, 0.000, -0.016)
35.87508, 4673, (-0.805, 0.000, -0.016)
35.88255, 4674, (-0.805, 0.000, -0.016)
35.88994, 4675, (-0.805, 0.000, -0.016)
35.89705, 4676, (-0.805, 0.000, -0.016)
35.9045, 4677, (-0.805, 0.000, -0.016)
35.91188, 4678, (-0.805, 0.000, -0.016)
35.91949, 4679, (-0.805, 0.000, -0.016)
35.92696, 4680, (-0.805, 0.000, -0.016)
35.93475, 4681, (-0.805, 0.000, -0.016)
35.94225, 4682, (-0.805, 0.000, -0.016)
35.95018, 4683, (-0.805, 0.000, -0.016)
35.95788, 4684, (-0.805, 0.000, -0.016)
35.9654, 4685, (-0.805, 0.000, -0.016)
35.97221, 4686, (-0.805, 0.000, -0.016)
35.9797, 4687, (-0.805, 0.000, -0.016)
35.98651, 4688, (-0.805, 0.000, -0.016)
35.99309, 4689, (-0.805, 0.000, -0.016)
36.00035, 4690, (-0.805, 0.000, -0.016)
36.00718, 4691, (-0.805, 0.000, -0.016)
36.015, 4692, (-0.805, 0.000, -0.016)
36.0217, 4693, (-0.805, 0.000, -0.016)
36.0279, 4694, (-0.805, 0.000, -0.016)
36.03652, 4695, (-0.805, 0.000, -0.016)
36.04296, 4696, (-0.805, 0.000, -0.016)
36.04911, 4697, (-0.805, 0.000, -0.016)
36.05931, 4698, (-0.803, 0.000, -0.022)
36.07174, 4699, (-0.803, 0.000, -0.022)
36.08105, 4700, (-0.802, 0.000, -0.031)
36.09062, 4701, (-0.802, 0.000, -0.031)
36.09665, 4702, (-0.802, 0.000, -0.031)
36.10316, 4703, (-0.802, 0.000, -0.031)
36.10911, 4704, (-0.802, 0.000, -0.031)
36.11839, 4705, (-0.800, 0.000, -0.038)
36.12934, 4706, (-0.800, 0.000, -0.038)
36.13601, 4707, (-0.800, 0.000, -0.038)
36.14175, 4708, (-0.800, 0.000, -0.038)
36.15057, 4709, (-0.799, 0.000, -0.045)
36.16441, 4710, (-0.796, 0.000, -0.051)
38.00474, 4927, (-0.796, 0.000, -0.051)
38.01778, 4928, (-0.796, 0.000, -0.051)
38.0238, 4929, (-0.796, 0.000, -0.051)
38.02977, 4930, (-0.796, 0.000, -0.051)
38.03583, 4931, (-0.796, 0.000, -0.051)
38.04151, 4932, (-0.796, 0.000, -0.051)
38.04783, 4933, (-0.796, 0.000, -0.051)
38.05319, 4934, (-0.796, 0.000, -0.051)
38.0622, 4935, (-0.799, 0.000, -0.045)
38.07286, 4936, (-0.799, 0.000, -0.045)
38.08163, 4937, (-0.799, 0.000, -0.045)
38.09132, 4938, (-0.800, 0.000, -0.038)
38.10365, 4939, (-0.800, 0.000, -0.038)
38.11053, 4940, (-0.800, 0.000, -0.038)
38.117, 4941, (-0.800, 0.000, -0.038)
38.12353, 4942, (-0.800, 0.000, -0.038)
38.13022, 4943, (-0.800, 0.000, -0.038)
38.13657, 4944, (-0.800, 0.000, -0.038)
38.14964, 4945, (-0.803, 0.000, -0.025)
38.16272, 4946, (-0.803, 0.000, -0.025)
38.16941, 4947, (-0.803, 0.000, -0.025)
38.17685, 4948, (-0.803, 0.000, -0.025)
38.18442, 4949, (-0.803, 0.000, -0.025)
38.19118, 4950, (-0.803, 0.000, -0.025)
38.19727, 4951, (-0.803, 0.000, -0.025)
38.20268, 4952, (-0.803, 0.000, -0.025)
38.20874, 4953, (-0.803, 0.000, -0.025)
38.21569, 4954, (-0.803, 0.000, -0.025)
38.22154, 4955, (-0.803, 0.000, -0.025)
38.23192, 4956, (-0.804, 0.000, -0.018)
38.24434, 4957, (-0.804, 0.000, -0.018)
38.25177, 4958, (-0.804, 0.000, -0.018)
38.25906, 4959, (-0.804, 0.000, -0.018)
38.26515, 4960, (-0.804, 0.000, -0.018)
38.27895, 4961, (-0.804, 0.000, -0.018)
38.28661, 4962, (-0.804, 0.000, -0.018)
38.29477, 4963, (-0.804, 0.000, -0.018)
38.30095, 4964, (-0.804, 0.000, -0.018)
38.30738, 4965, (-0.804, 0.000, -0.018)
38.3142, 4966, (-0.804, 0.000, -0.018)
38.32008, 4967, (-0.804, 0.000, -0.018)
38.3293, 4968, (-0.806, 0.000, -0.011)
38.33897, 4969, (-0.806, 0.000, -0.011)
38.34583, 4970, (-0.806, 0.000, -0.011)
38.35177, 4971, (-0.806, 0.000, -0.011)
38.35817, 4972, (-0.806, 0.000, -0.011)
38.36501, 4973, (-0.806, 0.000, -0.011)
38.37175, 4974, (-0.806, 0.000, -0.011)
38.37915, 4975, (-0.806, 0.000, -0.011)
38.38475, 4976, (-0.806, 0.000, -0.011)
38.39072, 4977, (-0.806, 0.000, -0.011)
38.39738, 4978, (-0.806, 0.000, -0.011)
38.40514, 4979, (-0.806, 0.000, -0.011)
38.41357, 4980, (-0.806, 0.000, -0.011)
38.42064, 4981, (-0.806, 0.000, -0.011)
38.42765, 4982, (-0.806, 0.000, -0.011)
38.43436, 4983, (-0.806, 0.000, -0.011)
38.4402, 4984, (-0.806, 0.000, -0.011)
38.44605, 4985, (-0.806, 0.000, -0.011)
38.45329, 4986, (-0.806, 0.000, -0.011)
38.46118, 4987, (-0.806, 0.000, -0.011)
38.46875, 4988, (-0.806, 0.000, -0.011)
38.47658, 4989, (-0.806, 0.000, -0.011)
38.48363, 4990, (-0.806, 0.000, -0.011)
38.49091, 4991, (-0.806, 0.000, -0.011)
38.49834, 4992, (-0.806, 0.000, -0.011)
38.50572, 4993, (-0.806, 0.000, -0.011)
38.51325, 4994, (-0.806, 0.000, -0.011)
38.51992, 4995, (-0.806, 0.000, -0.011)
38.52707, 4996, (-0.806, 0.000, -0.011)
38.53444, 4997, (-0.806, 0.000, -0.011)
38.54049, 4998, (-0.806, 0.000, -0.011)
38.54641, 4999, (-0.806, 0.000, -0.011)
38.55178, 5000, (-0.806, 0.000, -0.011)
38.55867, 5001, (-0.806, 0.000, -0.011)
38.56498, 5002, (-0.806, 0.000, -0.011)
38.57151, 5003, (-0.806, 0.000, -0.011)
38.57959, 5004, (-0.806, 0.000, -0.011)
38.5856, 5005, (-0.806, 0.000, -0.011)
38.59147, 5006, (-0.806, 0.000, -0.011)
38.5976, 5007, (-0.806, 0.000, -0.011)
38.60334, 5008, (-0.806, 0.000, -0.011)
38.60888, 5009, (-0.806, 0.000, -0.011)
38.61522, 5010, (-0.806, 0.000, -0.011)
38.62113, 5011, (-0.806, 0.000, -0.011)
38.62682, 5012, (-0.806, 0.000, -0.011)
38.63247, 5013, (-0.806, 0.000, -0.011)
38.63845, 5014, (-0.806, 0.000, -0.011)
38.64502, 5015, (-0.806, 0.000, -0.011)
38.65175, 5016, (-0.806, 0.000, -0.011)
38.65834, 5017, (-0.806, 0.000, -0.011)
38.66435, 5018, (-0.806, 0.000, -0.011)
38.67079, 5019, (-0.806, 0.000, -0.011)
38.67786, 5020, (-0.806, 0.000, -0.011)
38.68541, 5021, (-0.806, 0.000, -0.011)
38.69285, 5022, (-0.806, 0.000, -0.011)
38.70095, 5023, (-0.806, 0.000, -0.011)
38.70948, 5024, (-0.806, 0.000, -0.011)
38.71751, 5025, (-0.806, 0.000, -0.011)
38.72548, 5026, (-0.806, 0.000, -0.011)
38.73283, 5027, (-0.806, 0.000, -0.011)
38.73993, 5028, (-0.806, 0.000, -0.011)
38.74758, 5029, (-0.806, 0.000, -0.011)
38.75545, 5030, (-0.806, 0.000, -0.011)
38.76297, 5031, (-0.806, 0.000, -0.011)
38.77034, 5032, (-0.806, 0.000, -0.011)
38.77748, 5033, (-0.806, 0.000, -0.011)
38.78563, 5034, (-0.806, 0.000, -0.011)
38.79304, 5035, (-0.806, 0.000, -0.011)
38.80128, 5036, (-0.806, 0.000, -0.011)
38.80947, 5037, (-0.806, 0.000, -0.011)
38.81686, 5038, (-0.806, 0.000, -0.011)
38.82397, 5039, (-0.806, 0.000, -0.011)
38.83019, 5040, (-0.806, 0.000, -0.011)
38.83614, 5041, (-0.806, 0.000, -0.011)
38.84193, 5042, (-0.806, 0.000, -0.011)
38.84906, 5043, (-0.806, 0.000, -0.011)
38.85571, 5044, (-0.806, 0.000, -0.011)
38.8624, 5045, (-0.806, 0.000, -0.011)
38.86892, 5046, (-0.806, 0.000, -0.011)
38.8755, 5047, (-0.806, 0.000, -0.011)
38.88265, 5048, (-0.806, 0.000, -0.011)
38.89019, 5049, (-0.806, 0.000, -0.011)
38.89746, 5050, (-0.806, 0.000, -0.011)
38.90421, 5051, (-0.806, 0.000, -0.011)
38.9104, 5052, (-0.806, 0.000, -0.011)
38.9164, 5053, (-0.806, 0.000, -0.011)
38.92764, 5054, (-0.806, 0.000, -0.011)
38.93569, 5055, (-0.806, 0.000, -0.011)
38.94284, 5056, (-0.806, 0.000, -0.011)
38.94995, 5057, (-0.806, 0.000, -0.011)
38.95636, 5058, (-0.806, 0.000, -0.011)
38.96338, 5059, (-0.806, 0.000, -0.011)
38.96923, 5060, (-0.806, 0.000, -0.011)
38.97491, 5061, (-0.806, 0.000, -0.011)
38.98083, 5062, (-0.806, 0.000, -0.011)
38.98722, 5063, (-0.806, 0.000, -0.011)
38.99461, 5064, (-0.806, 0.000, -0.011)
39.00206, 5065, (-0.806, 0.000, -0.011)
39.00923, 5066, (-0.806, 0.000, -0.011)
39.01556, 5067, (-0.806, 0.000, -0.011)
39.02165, 5068, (-0.806, 0.000, -0.011)
39.02909, 5069, (-0.806, 0.000, -0.011)
39.03589, 5070, (-0.806, 0.000, -0.011)
39.04235, 5071, (-0.806, 0.000, -0.011)
39.0512, 5072, (-0.806, 0.000, -0.011)
39.05665, 5073, (-0.806, 0.000, -0.011)
39.06287, 5074, (-0.806, 0.000, -0.011)
39.06925, 5075, (-0.806, 0.000, -0.011)
39.07518, 5076, (-0.806, 0.000, -0.011)
39.08138, 5077, (-0.806, 0.000, -0.011)
39.09091, 5078, (-0.806, 0.000, -0.011)
39.09953, 5079, (-0.806, 0.000, -0.011)
39.1068, 5080, (-0.806, 0.000, -0.011)
39.11423, 5081, (-0.806, 0.000, -0.011)
39.12139, 5082, (-0.806, 0.000, -0.011)
39.12874, 5083, (-0.806, 0.000, -0.011)
39.13623, 5084, (-0.806, 0.000, -0.011)
39.14291, 5085, (-0.806, 0.000, -0.011)
39.14952, 5086, (-0.806, 0.000, -0.011)
39.15605, 5087, (-0.806, 0.000, -0.011)
39.16264, 5088, (-0.806, 0.000, -0.011)
39.16883, 5089, (-0.806, 0.000, -0.011)
39.17501, 5090, (-0.806, 0.000, -0.011)
39.18107, 5091, (-0.806, 0.000, -0.011)
39.18698, 5092, (-0.806, 0.000, -0.011)
39.19365, 5093, (-0.806, 0.000, -0.011)
39.19987, 5094, (-0.806, 0.000, -0.011)
39.20576, 5095, (-0.806, 0.000, -0.011)
39.21178, 5096, (-0.806, 0.000, -0.011)
39.21957, 5097, (-0.806, 0.000, -0.011)
39.22669, 5098, (-0.806, 0.000, -0.011)
39.23451, 5099, (-0.806, 0.000, -0.011)
39.24115, 5100, (-0.806, 0.000, -0.011)
39.24818, 5101, (-0.806, 0.000, -0.011)
39.2547, 5102, (-0.806, 0.000, -0.011)
39.26068, 5103, (-0.806, 0.000, -0.011)
39.26768, 5104, (-0.806, 0.000, -0.011)
39.27408, 5105, (-0.806, 0.000, -0.011)
39.28035, 5106, (-0.806, 0.000, -0.011)
39.28652, 5107, (-0.806, 0.000, -0.011)
39.29383, 5108, (-0.806, 0.000, -0.011)
39.30093, 5109, (-0.806, 0.000, -0.011)
39.30802, 5110, (-0.806, 0.000, -0.011)
39.31583, 5111, (-0.806, 0.000, -0.011)
39.32342, 5112, (-0.806, 0.000, -0.011)
39.33051, 5113, (-0.806, 0.000, -0.011)
39.3371, 5114, (-0.806, 0.000, -0.011)
39.3428, 5115, (-0.806, 0.000, -0.011)
39.34888, 5116, (-0.806, 0.000, -0.011)
39.35605, 5117, (-0.806, 0.000, -0.011)
39.36726, 5118, (-0.804, 0.000, -0.018)
39.38023, 5119, (-0.804, 0.000, -0.018)
39.38663, 5120, (-0.804, 0.000, -0.018)
39.3955, 5121, (-0.803, 0.000, -0.025)
39.40678, 5122, (-0.803, 0.000, -0.025)
39.41273, 5123, (-0.803, 0.000, -0.025)
39.41895, 5124, (-0.803, 0.000, -0.025)
39.42744, 5125, (-0.802, 0.000, -0.031)
39.44293, 5126, (-0.800, 0.000, -0.038)
39.45467, 5127, (-0.800, 0.000, -0.038)
39.4607, 5128, (-0.800, 0.000, -0.038)
39.47069, 5129, (-0.799, 0.000, -0.045)
39.48438, 5130, (-0.796, 0.000, -0.051)
39.49537, 5131, (-0.796, 0.000, -0.051)
